<?xml version="1.0" encoding="utf-8" ?><dwsync><file name="ascot-advies.php" server="85.214.222.22/ardosz.gaatbinnenkortonline.nl/wp-content/themes/webkompanen/" local="3751561959" remote="3751604040" Dst="-1" /><file name="acture-subsidies-user.php" server="85.214.222.22/ardosz.gaatbinnenkortonline.nl/wp-content/themes/webkompanen/" local="3751562130" remote="3751604040" Dst="-1" /><file name="acture-user.php" server="85.214.222.22/ardosz.gaatbinnenkortonline.nl/wp-content/themes/webkompanen/" local="3751560665" remote="3751604040" Dst="-1" /><file name="acture-freelance-solutions-user.php" server="85.214.222.22/ardosz.gaatbinnenkortonline.nl/wp-content/themes/webkompanen/" local="3751562345" remote="3751604040" Dst="-1" /><file name="ardosz-user.php" server="85.214.222.22/ardosz.gaatbinnenkortonline.nl/wp-content/themes/webkompanen/" local="3751560733" remote="3751604040" Dst="-1" /><file name="tulpenfonds-user.php" server="85.214.222.22/ardosz.gaatbinnenkortonline.nl/wp-content/themes/webkompanen/" local="3751562045" remote="3751604040" Dst="-1" /><file name="keesz-user.php" server="85.214.222.22/ardosz.gaatbinnenkortonline.nl/wp-content/themes/webkompanen/" local="3751561522" remote="3751604040" Dst="-1" /><file name="acture-verzekeringen-user.php" server="85.214.222.22/ardosz.gaatbinnenkortonline.nl/wp-content/themes/webkompanen/" local="3751562238" remote="3751604040" Dst="-1" /><file name="verzuimweg-user.php" server="85.214.222.22/ardosz.gaatbinnenkortonline.nl/wp-content/themes/webkompanen/" local="3751560815" remote="3751604040" Dst="-1" /></dwsync>